Company,Logistic Regression
Aramco,84.375
SARCO,83.53413654618474
Rabigh,86.74698795180723
Bahri,86.14457831325302
Aldrees,90.16064257028113
